target_id,target_name,target_agency,target_url,last_checked_at,last_status,body_hash_sha256,text_hash_sha256,content_length,row_count,etag,last_modified,redirect_url,consecutive_errors
ssa-press-releases,SSA Press Releases RSS Feed,SSA,https://www.ssa.gov/rss/mr.xml,2026-10-05T17:04:05.276719+00:00,403,e267bff7bd24b4ca5b7bf8a4eb1bd62c5c8ba872bf162614b8aed4650fd5e664,8a8a30eb49072bc9c32530b64658b34f350e08115d4e98bf8e71d02d31737c87,383,,,,,0
ssa-open-data-portal,SSA Open Data Portal,SSA,https://data.ssa.gov/browse,2026-03-10T16:47:11.684203+00:00,0,e3b0c44298fc1c149afbf4c8996fb92427ae41e4649b934ca495991b7852b855,e3b0c44298fc1c149afbf4c8996fb92427ae41e4649b934ca495991b7852b855,,,,,,1
ssa-disability-insurance-stats,SSA SSDI Annual Statistical Report (DKAN),SSA,https://www.ssa.gov/data/api/1/dataset/di_asr,2026-10-05T17:04:05.267821+00:00,403,afb3cde2fb4376fd68dce6c97928b3f2effd9bc734ddb0ee27e9dea371cf6c65,afb3cde2fb4376fd68dce6c97928b3f2effd9bc734ddb0ee27e9dea371cf6c65,410,,,,,0
ssa-ssi-annual-stats,SSA SSI Annual Statistical Report (DKAN),SSA,https://www.ssa.gov/data/api/1/dataset/ssi_asr,2026-10-05T17:04:05.278205+00:00,403,53290793e575cf0128a1c2cddce313ce6c959b7b0dd039e47a1b7d9649960a42,53290793e575cf0128a1c2cddce313ce6c959b7b0dd039e47a1b7d9649960a42,411,,,,,0
ssa-policy-pages,SSA Policy Home,SSA,https://www.ssa.gov/policy/,2026-03-10T19:35:53.794416+00:00,403,265126b6711d5e520d1fb0a3ed00b9e44fad9654fa7358a310c712e0400c6e17,b925022b9f11d9208c58b50bffa242f350e23187e9abe5a0157f2a20e544a5db,374,,,,,0
ssa-disability-benefits,SSA Sitemap (proxy for page availability),SSA,https://www.ssa.gov/sitemap.xml,2026-10-05T17:04:05.317561+00:00,200,e3b0c44298fc1c149afbf4c8996fb92427ae41e4649b934ca495991b7852b855,e3b0c44298fc1c149afbf4c8996fb92427ae41e4649b934ca495991b7852b855,380,,,,,0
ssa-rfcs,SSA Disability Evaluation Under SSA,SSA,https://www.ssa.gov/disability/professionals/bluebook/evidentiary.htm,2026-03-10T19:35:53.797114+00:00,403,871e642a8fb89e83438e8056202b91b2ea7f9a81c69c1cceaacb4712df66bfe3,7e1564f68e9132ac56ec3e3486d6e2433ed4bb7edbb42e1c4ed804836d184db5,430,,,,,0
cdc-disability-health-data,CDC Disability and Health Data,CDC,https://www.cdc.gov/ncbddd/disabilityandhealth/data.html,2026-10-05T17:04:05.901711+00:00,404,a6b66cdebef567c41fa89c8ee3a601dac20060d81d83738b60efcd680b7ecb93,57778142d791737deb686493568a6170195ade3e675d8f26b631556749c2c48e,20905,,,,,0
cdc-ncbddd-home,CDC NCBDDD Home,CDC,https://www.cdc.gov/ncbddd/,2026-10-05T17:04:05.828944+00:00,200,aa5817f4f3f51ec0767f4b25b3c08645d445a6fd3704a13ca815bb242f688a77,1038c7ba279586a213ab8491cfbc52d124fcad6a172a8c271f5e5ed44d7884b7,44914,,,,,0
cdc-brfss-disability,CDC BRFSS Data Documentation,CDC,https://www.cdc.gov/brfss/data_documentation/index.htm,2026-03-10T16:47:03.753517+00:00,200,4d90c42dcedad2b1941a76c3319fd00682cdabd87a52e099d79a029dc451258d,75fedfbd6148731933f291fd0d24a58f31339797e8a910db5a6a317c16fa537b,85476,,,,,0
cdc-nhis-disability,CDC NHIS Disability Data,CDC,https://www.cdc.gov/nchs/nhis/disability.htm,2026-03-10T16:47:03.836144+00:00,404,a6b66cdebef567c41fa89c8ee3a601dac20060d81d83738b60efcd680b7ecb93,57778142d791737deb686493568a6170195ade3e675d8f26b631556749c2c48e,20905,,,,,0
cdc-soda-disability-datasets,CDC SODA API Disability Datasets Metadata,CDC,https://data.cdc.gov/api/views/metadata/v1?limit=50&query=disability,2026-03-10T16:47:08.824408+00:00,200,282e99463833bd4d73f08ebaeff72845bdb6ac6f72b36043ac4336e888d79475,6c6bcac0d0ea29b60e191a999237d99f2787ec12b6e8bea35136564f611b6f20,204312,50,,,,0
cdc-wonder-home,CDC WONDER Query Interface,CDC,https://wonder.cdc.gov/,2026-10-05T17:04:06.472130+00:00,200,6fc601dc2790bdb9904747aff862e0591f9cb490dae4573651ccd2310452fc09,c2547fc3437016a82a2a2784e309c5348a60948f71cd50ac5fc6e6ef37f39eb7,183847,,,,,0
cdc-disability-inclusion,CDC Disability Inclusion,CDC,https://www.cdc.gov/ncbddd/disabilityandhealth/disability-inclusion.html,2026-10-05T17:04:06.245375+00:00,200,7d28a9d67eee6ab7ad2be1f8475c8e13670f9ef7006649bd5b8ca5e0b5621b4d,16abf862d816701b8345e41f60236357bcf32d780aea9ba6834e6ee367d7c726,49952,,,,https://www.cdc.gov/disability-inclusion/about/,0
cdc-autism-data,CDC Autism Data and Research,CDC,https://www.cdc.gov/autism/data-research/index.html,2026-10-05T17:04:05.859961+00:00,200,4c82990bef879b1c7057759cd62d32503004141f716c2a40da32770b02f41fbe,07a0c7fc0c11deee68b9a64e44f39601a2c4b39a0ff0a8de72341b66640a6953,58238,,,,,0
census-disability-tables,Census Bureau Disability Data Tables,Census,https://www.census.gov/topics/health/disability/data/tables.html,2026-10-05T17:04:06.448452+00:00,200,c8accc52c3da571b80e54b62f04bc3e99b088e3f51327b9708fb3ff71fe82893,0aa6586e5a7827fda85f76025dab2016926786340dc1634aad94e38f64b3443c,379235,,,,,0
census-disability-topic,Census Bureau Disability Topic Page,Census,https://www.census.gov/topics/health/disability.html,2026-10-05T17:04:06.418986+00:00,200,9ba07e649baa5c190fb45e92b34b0753b14c79e000899f9df2eca07e4a6cccf6,f35f5500bd66d9ee46141d0737baaba8c36276bdbdf8bcd222da9eb7814a0c09,362459,,,,,0
census-acs-disability-vars,Census ACS 2023 Variable Definitions (includes B18101),Census,https://api.census.gov/data/2023/acs/acs1/variables.json,2026-10-05T17:04:07.973344+00:00,200,4e8288b2e366422ae29fb523ca2cf5526a43d7f8eeb78d38a1a3e88be536922b,483aea582ed30fc21f9e8d48cbec2ce55cc7e49db5718a8d0a594d56f216a6f4,13623353,1,,,,0
census-sipp-disability,Census SIPP Datasets,Census,https://www.census.gov/programs-surveys/sipp/data/datasets.html,2026-10-05T17:04:07.024944+00:00,200,fd349d19681e4399c51dafbd75ea3781799e105ac42dcbae238f53ded81d8d30,87edb10ba49bb55d9e92dd8b7d2b4f4347f5f740c2246762610b026321027716,342894,64,,,,0
disability-census-gov,disability.census.gov Portal,Census,https://disability.census.gov/,2026-03-10T16:47:32.655536+00:00,0,e3b0c44298fc1c149afbf4c8996fb92427ae41e4649b934ca495991b7852b855,e3b0c44298fc1c149afbf4c8996fb92427ae41e4649b934ca495991b7852b855,,,,,,1
nichd-disability-research,NICHD Disability Research (tombstone — 404 as of 2026-03),NIH,https://www.nichd.nih.gov/research/supported/disability,2026-10-05T17:04:08.920303+00:00,404,d954e8c4d0a4a0a9fb9990d732017d42e2b08c1431585c9abadc4f2e16fa97ef,e322c9c7331c8aad9dadde9afb166b7abfb339360a5105064e2dc83f2937dfd0,224152,,"""1791219847""","Mon, 05 Oct 2026 17:04:07 GMT",,0
nidilrr-home,NIDILRR Home (via ACL),ACL,https://acl.gov/about-acl/about-national-institute-disability-independent-living-rehabilitation-research,2026-03-10T19:35:58.068164+00:00,404,423bcc3cbb1c3bc49baa37b37d4130a5fdb9b2ce39ba32309df2c35dd8bfd83d,d7d0db930cc27c5fa2cca971fcfeebfea0d4f2baa2e757efa4e874b579577ec5,81281,,"W/""1773171356""","Tue, 10 Mar 2026 19:35:56 GMT",,0
nih-reporter-disability,NIH RePORTER Disability Grant Portfolio (API),NIH,https://api.reporter.nih.gov/v2/projects/search,2026-03-10T16:47:16.198717+00:00,405,e3b0c44298fc1c149afbf4c8996fb92427ae41e4649b934ca495991b7852b855,e3b0c44298fc1c149afbf4c8996fb92427ae41e4649b934ca495991b7852b855,,,,,,0
acl-data-research,ACL Aging and Disability Data and Research,ACL,https://acl.gov/aging-and-disability-in-america/data-and-research,2026-10-05T17:04:08.841965+00:00,200,d2c59cd7ea8bc6b0c69b01e57e9978231342a3d98e86abb7a726ca60b89812d6,44c99f8323129dd8c6a66982206ec7c97406d5b3cd72095da10340f9dc02a8d8,78787,,"W/""1791215910""","Mon, 05 Oct 2026 15:58:30 GMT",,0
acl-programs,ACL Programs Directory,ACL,https://acl.gov/programs,2026-10-05T17:04:09.274370+00:00,200,e7bf65ff849fdd9096d491fdad05981ebc80f65c081a1bfe1814916dbbe40081,26302120973d9265cbb2ec7b2c0fea1b943a71d2b853b26db7d9378952da197e,108551,264,"W/""1791215468""","Mon, 05 Oct 2026 15:51:08 GMT",,0
acl-nci-data,ACL National Core Indicators,ACL,https://acl.gov/programs/strengthening-aging-and-disability-networks/national-core-indicators,2026-03-10T19:35:58.436284+00:00,404,8dd697f63e11ac851893403ec1b056583e8b57496581ff6ca28ce190ac10172e,2aae3e490f9e79b9640dda3e476515d83c6b0cfd17dc28dec7d75d73d41c8aba,72902,,"W/""1773171357""","Tue, 10 Mar 2026 19:35:57 GMT",,0
acl-home,ACL Homepage,ACL,https://acl.gov/,2026-10-05T17:04:09.126480+00:00,200,66f2b1664d7156301e3dd6ca4b1e39fb6ab58dbf4712ec028e5c7b5e53362a3b,a83e0613d44ebd4794e78132b1e66b593200b8500fc50dd9a16ac0f9bcad1d9f,85080,,"W/""1791215437""","Mon, 05 Oct 2026 15:50:37 GMT",,0
dol-odep-statistics,DOL ODEP Disability Statistics,DOL,https://www.dol.gov/agencies/odep/research-evaluation/statistics,2026-10-05T17:04:09.044902+00:00,200,c46e107de0fe6192c6816a2bf59424ed4272d5655f641a2f460065f1f848dcbe,e0514bbb405d7b8c3071e3622fbfafe73eb8d78223282b4bf11a9045dbfd7940,75834,,,,,0
bls-disability-employment,BLS Persons with a Disability: Labor Force Characteristics,BLS,https://www.bls.gov/news.release/disabl.toc.htm,2026-03-10T16:47:12.134038+00:00,403,3b8ebf506ef9ae7a20d15c9bd0d0c4c27ea2394b01e843cf2b7bec2eec9b8e2a,70c792f603b90c59e71c0b301f04450d66bac5a868be3d7b7c4cb812efc374cf,1325,,,,,0
askjan-home,Job Accommodation Network Homepage,JAN,https://askjan.org/,2026-10-05T17:04:10.241156+00:00,200,6d3824155761e8021be36e2dc8ded52000a05365659f6b481529d8aaf3e45c4b,910fdcbdcee1bea64f1bcb1882ba48f692af6cd6bb7f4ce86cadbfc997f6bcd7,131564,,,,,0
askjan-a-to-z,JAN A-to-Z Disability Index,JAN,https://askjan.org/a-to-z.cfm,2026-10-05T17:04:10.295768+00:00,200,3512d89d0c997b13b3ea6171b452e96c1b16d740cd3411510f196d78a07f8943,db4c9fe36f88c736ba54cc6dc9ac3f47c84f9e35bd580f2965b050ac970a3285,155149,,,,,0
ofccp-section503,OFCCP Section 503 Disability Page,DOL,https://www.dol.gov/agencies/ofccp/disability,2026-10-05T17:04:11.814954+00:00,404,ac3080f64686948cfc9b45b403b9eba683d936607255ac5bb98671445825a51a,7df8f610147c4ab323caa60c3e263ae91aeb3cb5bc1d47faccc0c83b0a7c265b,39931,,,,,0
ed-idea-data,IDEA Data Center,ED,https://sites.ed.gov/idea/data/,2026-10-05T17:04:10.491091+00:00,403,c309bdbf1de67c41721d8327485840dee489e6eebe22117490fd99d24260ac42,bd4feb70b395e1b8ec401063347b3cb8f385088f9a79724b352ac37c1793f10c,11685,,,,,0
ed-ocr-data,ED Office for Civil Rights Data Collection,ED,https://ocrdata.ed.gov/,2026-10-05T17:04:10.479541+00:00,200,b05a3a0920d11bd4408f2d2a9e04875e38ce1d2ad0f2fdaed2435453b78e36e5,c95a3d447dec9f31336fad0c96e0d2a2f4cc0297ff87dcfc27b71a4e4f5cea51,3362,,"W/""1dd5042482da222""","Tue, 29 Sep 2026 18:42:30 GMT",,0
ed-special-ed-childcount,IDEA Child Count and Educational Environments,ED,https://sites.ed.gov/idea/data/child-count-and-educational-environments/,2026-10-05T17:04:10.494611+00:00,403,d84a7665139b3f4ca855acbfa0727e2207cf2d58b34c13d09746fdba8b71907f,bd4feb70b395e1b8ec401063347b3cb8f385088f9a79724b352ac37c1793f10c,11658,,,,,0
ed-disability-page,ED Office of Special Education Programs,ED,https://www.ed.gov/about/offices/list/osers/osep/index.html,2026-10-05T17:04:10.555254+00:00,403,b1e5c9a4bccc304604c3d00afe8abc2eee031d58635ae096e00a45acfd399a57,bd4feb70b395e1b8ec401063347b3cb8f385088f9a79724b352ac37c1793f10c,11584,,,,,0
ada-gov-home,ADA.gov Homepage,DOJ,https://www.ada.gov/,2026-10-05T17:04:10.710674+00:00,200,c232f9f7cff71f6f8abff4fcf95d0f6cf7f71f99785a10cc19be111f078eb601,b3a7829103eacda68eb42263adf977a56d432b19b923fb038106d3e7dab973ed,63831,,"""6b4e85f6c5b342fd2aef60b4d2d220cc""","Wed, 29 Jul 2026 14:40:07 GMT",,0
ada-gov-resources,ADA.gov Resources,DOJ,https://www.ada.gov/resources/,2026-10-05T17:04:10.745641+00:00,200,bda692050e56fd7258bdc57a543f3ec043328b2b696a48044ac37f844a2b80f4,5b1da81ded2a24134189a66d401bf4efcda3b72d793e3a76beaabed9d5468743,92430,,"""94679381f8de959f8ca72d47c41fafbb""","Wed, 29 Jul 2026 14:40:07 GMT",,0
ada-gov-topics,ADA.gov Topics Index,DOJ,https://www.ada.gov/topics/,2026-10-05T17:04:10.728084+00:00,200,0ec6d87e177b4e0aa41202e1876d979f3c6cf44c8ede1eb1dbc525ec381c1caa,02cc9bfa17de6f696c7952039d62aa7faa5bcee7ea3f85cfeefeb1a04b2ef08b,69440,,"""ac5d664705e1839438a1f56b2606b596""","Wed, 29 Jul 2026 14:40:08 GMT",,0
hhs-disability-page,HHS Disability Topic Page,HHS,https://www.hhs.gov/programs/topic-sites/disability/index.html,2026-10-05T17:04:10.771211+00:00,403,5570b116cf26c7c7715e552924e1bcf6d65b4c1486d3412a3ab5ddeb07160c4d,fb4c7671e28880b6e0d7bff1d6d75fa88225a61e54d092751eb764eb57d97971,427,,,,,0
hhs-section504,HHS Section 504 Civil Rights (Disability),HHS,https://www.hhs.gov/civil-rights/for-individuals/disability/index.html,2026-10-05T17:04:10.768001+00:00,200,e3b0c44298fc1c149afbf4c8996fb92427ae41e4649b934ca495991b7852b855,e3b0c44298fc1c149afbf4c8996fb92427ae41e4649b934ca495991b7852b855,439,,,,,0
regulations-disability-open,Regulations.gov Open Disability Rulemakings (REST API),Regulations.gov,https://api.regulations.gov/v4/dockets?filter[keyword]=disability&filter[docketType]=Rulemaking&page[size]=20&api_key=,2026-10-05T17:04:11.100836+00:00,403,176d438f9084eb6060caee5d3450ebe1858dab3860bedbcf0e1c73f99fce0802,176d438f9084eb6060caee5d3450ebe1858dab3860bedbcf0e1c73f99fce0802,136,1,,,,0
regulations-ada-rulemakings,Regulations.gov ADA Rulemakings (REST API),Regulations.gov,https://api.regulations.gov/v4/dockets?filter[keyword]=ADA&page[size]=20&api_key=,2026-10-05T17:04:11.102678+00:00,403,176d438f9084eb6060caee5d3450ebe1858dab3860bedbcf0e1c73f99fce0802,176d438f9084eb6060caee5d3450ebe1858dab3860bedbcf0e1c73f99fce0802,136,1,,,,0
regulations-section504,Regulations.gov Section 504 Rulemakings (REST API),Regulations.gov,https://api.regulations.gov/v4/dockets?filter[keyword]=section+504&page[size]=20&api_key=,2026-10-05T17:04:11.227962+00:00,403,176d438f9084eb6060caee5d3450ebe1858dab3860bedbcf0e1c73f99fce0802,176d438f9084eb6060caee5d3450ebe1858dab3860bedbcf0e1c73f99fce0802,136,1,,,,0
datagov-disability-search,data.gov Disability Dataset Catalog,data.gov,https://catalog.data.gov/dataset?q=disability&sort=score+desc%2C+name+asc,2026-03-10T16:47:16.590336+00:00,200,b63da6b8b72ab6ea5faf93a86c94c9933d7a4b1c7b5af326e406d1c9e2493e91,fad432e0ab462f04e3cecebef308d2894f8293de80679e69fe78a2f990059b9c,168336,131,,,,0
whitehouse-accessibility,White House Accessibility Page,WhiteHouse,https://www.whitehouse.gov/accessibility/,2026-03-10T19:36:01.968265+00:00,404,99d8d7336414a98141415a307f0dafbab0fd93790e58b1524f2565f0af56d594,379e235fbdc7890ed1122cd5cefdf50992d30a0b745d16dfbbc958f5de24da65,226327,,,,,0
eeoc-disability-discrimination,EEOC Disability Discrimination,EEOC,https://www.eeoc.gov/disability-discrimination,2026-10-05T17:04:11.593531+00:00,200,2fff32b2766318c332aa4f6a8537ed8a3fa7b59a2e1390bdb5b81ca93f5472b1,1ed6a2aca1d419bef268acda4e28ed14e23580ea1cd8423a3e785f706f3ac96e,72606,,"""1791210687-gzip""","Mon, 05 Oct 2026 14:31:27 GMT",https://www.eeoc.gov/eeoc-disability-related-resources,0
eeoc-ada-guidance,EEOC ADA Enforcement Guidance,EEOC,https://www.eeoc.gov/laws/guidance/questions-and-answers-clarifications-and-guidance-enforcement-equal-employment,2026-10-05T17:04:12.348055+00:00,404,8763d8a5d3cfe33ec3000f8d578e8667bf5add4410ff3cfdfda7d6346f759342,d0acd604e120e96f90154ecb7ce8772d3991977f267585180f9fc0cd349b9ddf,62213,,"""1791219851""","Mon, 05 Oct 2026 17:04:11 GMT",,0
cms-medicaid-disability,CMS Medicaid Long-Term Services and Supports,CMS,https://www.medicaid.gov/medicaid/long-term-services-supports/index.html,2026-10-05T17:04:11.962779+00:00,404,7323f486201bec40bc43d0f3c7648407f5e37abdb61b395f1dbaa553afbed0b2,cbf5e2df9eee298054974af8dce74e239523eda8b601f3317db4358f5bab8cb7,30487,,"""62d28733ebf1ab5be5613671cd609da1:1768417798.681631""","Wed, 14 Jan 2026 19:09:46 GMT",,0
cms-open-data-disability,CMS Open Data Portal Disability Datasets,CMS,https://data.cms.gov/search?keywords=disability,2026-03-10T16:47:16.916147+00:00,200,be97fc5c4bc5b919141c74a926b53d7db9732ef51d0050eb78d4eb4fe1a552f2,81ab53d3c18d8a38ebeea7128fc4b71c2639038631420e6e89372f454b2dd8c5,782,,"""cdef87d512c98999a4abcb8cb6250a62:1772042780.674076""","Wed, 25 Feb 2026 18:06:15 GMT",,0
ssa-public-use-data-index,SSA Public-Use Data Files (DKAN Catalog),SSA,https://www.ssa.gov/data/api/1/metastore/schemas/dataset/items?show-reference-ids,2026-10-05T17:04:05.429609+00:00,403,33257f2e4fbcffe0b87612cd06af24fdadf2daf5c68dee270fd8211cca011b93,33257f2e4fbcffe0b87612cd06af24fdadf2daf5c68dee270fd8211cca011b93,436,,,,,0
ssa-bepuf-2020,SSA Benefits & Earnings Public-Use File 2020 (DKAN),SSA,https://www.ssa.gov/data/api/1/dataset/bepuf-2020,2026-10-05T17:04:05.243504+00:00,403,9b8694c08ebc33aa245c3299a609032bff370c5f6bf12722e5d26857c27d9680,9b8694c08ebc33aa245c3299a609032bff370c5f6bf12722e5d26857c27d9680,414,,,,,0
ssa-epuf,SSA Earnings Public-Use File (DKAN),SSA,https://www.ssa.gov/data/api/1/dataset/epuf,2026-10-05T17:04:05.249840+00:00,403,65b02074bc739d128998acbc5a5b139009a3db1a5b5e03c286dc9a35d15370ec,65b02074bc739d128998acbc5a5b139009a3db1a5b5e03c286dc9a35d15370ec,404,,,,,0
ssa-ssi-microdata,SSA SSI Public-Use Microdata File (DKAN),SSA,https://www.ssa.gov/data/api/1/dataset/ssr,2026-10-05T17:04:05.261596+00:00,403,0eed6d3467f53f862bbe540d97e9102f96905aaf546cb93462e16ac0b2f31f69,0eed6d3467f53f862bbe540d97e9102f96905aaf546cb93462e16ac0b2f31f69,403,,,,,0
cdc-brfss-annual-data,CDC BRFSS Annual Survey Data Files,CDC,https://www.cdc.gov/brfss/annual_data/annual_data.htm,2026-10-05T17:04:05.428118+00:00,200,ee6e4166cd0baf19b34ef730fb4666c1711d3cdd660d6992717be8512bc7b3b7,1fa92abe04ff985981a64a01e69331726eaabba46596a4198b040b9e01ab63d7,89368,161,,,,0
cdc-nhis-documentation,CDC NHIS Datasets and Documentation Index,CDC,https://www.cdc.gov/nchs/nhis/documentation/index.html,2026-10-05T17:04:05.380197+00:00,200,cf7114e8efaa15f446070b66a686f6ff6164bd39f3bf1c97251c4bc77458c6a4,bfadf27d35b44e5a7fd77168c8db3b14f7a314c88b24ffbd912deccfd11bc8e4,55291,113,,,,0
cdc-soda-disability-catalog,CDC Open Data — Disability Dataset Catalog (SODA API),CDC,https://data.cdc.gov/api/views/metadata/v1?limit=100&searchContext=disability,2026-10-05T17:04:08.360868+00:00,200,ad9163c98054461b11a91bde16deeda5ae70f97f17a093c861eb0bfad87aa465,32f0d836ecdf04bc60667fa437132815b8089ab0425e6e91a28b633dda512943,417944,100,,,,0
census-acs-b18101-data,Census ACS B18101 Disability Counts by State,Census,"https://api.census.gov/data/2023/acs/acs1?get=NAME,B18101_001E,B18101_002E,B18101_021E,B18101_022E&for=state:*",2026-10-05T17:04:06.831315+00:00,200,c2f4687e09b80676de7f68dec92ebea395209616dbc6f895520e547c5f68c0f5,c2f4687e09b80676de7f68dec92ebea395209616dbc6f895520e547c5f68c0f5,8531,,"W/""8531-1785258964369""","Tue, 28 Jul 2026 17:16:04 GMT",https://api.census.gov/data/missing_key.html,0
census-data-explorer-b18101,Census Data Explorer — B18101 Disability Table,Census,https://data.census.gov/table/ACSDT1Y2023.B18101,2026-10-05T17:04:06.953162+00:00,200,4eaf53fa96c97d046b79978dca4b2a9bd91aac604b6ab0bc3f395a6514220dc8,6546d21f3983e234173d8597984c104a14198e8d981a40059845c8448c7f3627,3289,,,,,0
nih-reporter-api-docs,NIH RePORTER API Explorer,NIH,https://api.reporter.nih.gov/,2026-10-05T17:04:08.330233+00:00,200,0408596defb33b48950b33b9a317baacd3f3eb852cf2d6eead9ed62e3341fe56,8df5fb912d06668c2d07e5b6adfa47c1ad491b544ddcaf43a9ee5ee24a60d68b,34935,,"""1dd4cebb5ac2177""","Fri, 25 Sep 2026 12:45:14 GMT",,0
nih-nidcd-data,NIH NIDCD Hearing/Disability Quick Statistics,NIH,https://www.nidcd.nih.gov/health/statistics/quick-statistics-hearing,2026-10-05T17:04:08.935887+00:00,200,ee91cdeabb4a0f7c79d895f1386a7496e3566d3da9ee99dcee172822d3e0782d,d0b1d33d0dea4d89a9f708e9e988a20f9cc792350a342e60066668bd69a4eb96,45259,,"""1791216871-gzip""","Mon, 05 Oct 2026 16:14:31 GMT",,0
nci-data-portal,National Core Indicators Data Files,ACL,https://www.nationalcoreindicators.org/resources/data/,2026-10-05T17:04:10.313868+00:00,200,2595f54b8faa57d24a2606e9592140eda97b7eec85183e972620a40acfb6bf65,1852fa23c23709e5fb37c2c8cd6e9e2ee2aa6a24c95f6dbf9af7e1b38e43a1cd,21792,84,,"Mon, 05 Oct 2026 21:57:11 GMT",https://legacy.nationalcoreindicators.org/resources/data,0
bls-disability-release-toc,BLS Disability Employment News Release (TOC),BLS,https://www.bls.gov/news.release/disabl.toc.htm,2026-10-05T17:04:09.154968+00:00,200,e3b0c44298fc1c149afbf4c8996fb92427ae41e4649b934ca495991b7852b855,e3b0c44298fc1c149afbf4c8996fb92427ae41e4649b934ca495991b7852b855,1325,,,,,0
bls-disability-data-tables,BLS Disability Employment Data Tables,BLS,https://www.bls.gov/news.release/disabl.nr0.htm,2026-10-05T17:04:09.151716+00:00,403,3d0ccbb03d4723ef2f17a92a84c811bf45646bf3054788e0153640b117f790f5,7868cf8aad75e0daab3d6cf6757bfdd49d530ef2be601cf8e9c06d5215e5ca43,1325,,,,,0
bls-disability-flat-files,BLS Employment Level — With Disability (CPS Series LNU02074593),BLS,https://api.bls.gov/publicAPI/v2/timeseries/data/LNU02074593?startyear=2023&endyear=2025,2026-10-05T17:04:09.463263+00:00,200,a6a54997c8b0a424ee16250df921d38cec1eca46ee5719a0ad1b90c603fdaae0,a6a54997c8b0a424ee16250df921d38cec1eca46ee5719a0ad1b90c603fdaae0,3333,4,,,,0
ed-ckan-idea-datasets,ED Open Data — IDEA/Disability Datasets (via catalog.data.gov),ED,https://catalog.data.gov/api/3/action/package_search?q=IDEA+disability&fq=organization:ed-gov&rows=50,2026-10-05T17:04:10.406906+00:00,404,8645212e2a6dda613ea2084ea24cf62a4e6aac2c3a34c74d1e219337d3a1f609,8645212e2a6dda613ea2084ea24cf62a4e6aac2c3a34c74d1e219337d3a1f609,36,2,,,,0
ed-crdc-data-files,ED CRDC Downloadable Data Files,ED,https://ocrdata.ed.gov/resources/downloaddatafile,2026-10-05T17:04:10.473116+00:00,200,b05a3a0920d11bd4408f2d2a9e04875e38ce1d2ad0f2fdaed2435453b78e36e5,c95a3d447dec9f31336fad0c96e0d2a2f4cc0297ff87dcfc27b71a4e4f5cea51,3362,,"W/""1dd5042482da222""","Tue, 29 Sep 2026 18:42:30 GMT",,0
datagov-disability-ckan,data.gov CKAN API — Disability Dataset Catalog,data.gov,https://catalog.data.gov/api/3/action/package_search?q=disability&rows=100&sort=metadata_modified+desc,2026-10-05T17:04:11.169122+00:00,404,8645212e2a6dda613ea2084ea24cf62a4e6aac2c3a34c74d1e219337d3a1f609,8645212e2a6dda613ea2084ea24cf62a4e6aac2c3a34c74d1e219337d3a1f609,36,2,,,,0
cms-dkan-disability-catalog,CMS Open Data Catalog (data.json),CMS,https://data.cms.gov/data.json,2026-10-05T17:04:12.794237+00:00,200,40b143c32e3aaed3b492e461c63a1b82298b910ed09c9907ca127fb0aed17950,c62316ed5f6735e0421c22a77514b8d8afe85dd160d79db8f1ec690205e154fc,17699980,12,"""1791215515-gzip""","Mon, 05 Oct 2026 15:51:55 GMT",,0
cms-medicaid-ltss-data,CMS Medicare-Medicaid Dual Eligible Beneficiaries Summary,CMS,https://data.cms.gov/summary-statistics-on-beneficiaries/medicare-medicaid-dual-eligibility/medicare-medicaid-dual-eligible-beneficiaries-summary,2026-10-05T17:04:11.834763+00:00,200,e0dbc4dd8f8b4d1487a66a3cee034824270cc72f9d2aa895d83d830ec0bfd7a0,81ab53d3c18d8a38ebeea7128fc4b71c2639038631420e6e89372f454b2dd8c5,2974,,"""7be0ce54a81b8625a7bbe2ddce18424b:1790770776.396643""","Wed, 30 Sep 2026 12:19:16 GMT",,0
ssa-open-data-catalog,SSA Open Data Catalog (DKAN API),SSA,https://www.ssa.gov/data/api/1/metastore/schemas/dataset/items?show-reference-ids,2026-10-05T17:04:05.286573+00:00,403,bf84f829cab82b81c58fbc1dd8e72b47f384e349f4bb958fe2fcccb3f721fa4b,bf84f829cab82b81c58fbc1dd8e72b47f384e349f4bb958fe2fcccb3f721fa4b,436,,,,,0
ssa-bluebook-listings,SSA Blue Book Listing of Impairments,SSA,https://www.ssa.gov/disability/professionals/bluebook/listing-impairments.htm,2026-10-05T17:04:05.303086+00:00,200,e3b0c44298fc1c149afbf4c8996fb92427ae41e4649b934ca495991b7852b855,e3b0c44298fc1c149afbf4c8996fb92427ae41e4649b934ca495991b7852b855,442,,,,,0
nidilrr-grantee-database,NIDILRR Grantee Database (NARIC),ACL,https://www.naric.com/research/rehab/default.cfm,2026-10-05T17:04:15.487616+00:00,0,e3b0c44298fc1c149afbf4c8996fb92427ae41e4649b934ca495991b7852b855,e3b0c44298fc1c149afbf4c8996fb92427ae41e4649b934ca495991b7852b855,,,,,,209
gsa-section508,Section508.gov (GSA IT Accessibility Program),GSA,https://www.section508.gov/,2026-10-05T17:04:11.282983+00:00,200,0e0976b046d55ae2691e4576c27fdb87c2fddcc8c4b797c31b3f5a9e79bdb450,0392f12c85b24fdb36e7debfc5442343613a9b337a22224796b05789eaf27912,34312,,"""8713aed55f8c77571e2f3f4a9895ee8d""","Fri, 02 Oct 2026 11:27:10 GMT",,0
gsa-section508-manage,Section508.gov Agency Reporting,GSA,https://www.section508.gov/manage/reporting/,2026-10-05T17:04:11.322146+00:00,200,dea37d9d7664632bf0d5d958afb07bb5dc068300cd42ea651447423026287090,97ba3575c11a50391bf93564238da1c8f507274730f4f7eb970bb25169cab439,497,,"""fc4d70db4b09bc7d65a9d95b9e08d527""","Thu, 29 Jun 2023 19:40:22 GMT",,0
nichd-research-programs,NICHD Research Programs,NIH,https://www.nichd.nih.gov/research/supported,2026-10-05T17:04:08.822306+00:00,404,7852e4df61f77acddddba5f7de439193f1536e7342a225321029666e610e9e0e,e322c9c7331c8aad9dadde9afb166b7abfb339360a5105064e2dc83f2937dfd0,224152,822,"""1791219847""","Mon, 05 Oct 2026 17:04:07 GMT",,0
hhs-open-data-catalog,HHS Open Data Catalog (data.json),HHS,https://www.hhs.gov/data.json,2026-10-05T17:04:10.768848+00:00,403,1ff88d48ebce2fc363bef09f3c6997d97429b45288110d04dd376791a824746c,1ff88d48ebce2fc363bef09f3c6997d97429b45288110d04dd376791a824746c,378,,,,,0
healthdata-disability-catalog,healthdata.gov Disability Dataset Catalog (CKAN API),HHS,https://healthdata.gov/api/3/action/package_search?q=disability&rows=50,2026-10-05T17:04:11.079318+00:00,404,d45c4a4faf520e35abca20d71c35cb5cfeb9c524d2a8d7af332a302bdb0b0abd,d45c4a4faf520e35abca20d71c35cb5cfeb9c524d2a8d7af332a302bdb0b0abd,93,3,,,,0
